repo,rule_id,severity,file,start_line
examples,py/tarslip,warning,lite/examples/speech_commands/ml/download.py,37
tensor2tensor,py/tarslip,warning,tensor2tensor/data_generators/algorithmic_math_deepmind.py,81
tensor2tensor,py/tarslip,warning,tensor2tensor/data_generators/algorithmic_math_two_variables.py,83
tensor2tensor,py/tarslip,warning,tensor2tensor/data_generators/audio.py,51
tensor2tensor,py/tarslip,warning,tensor2tensor/data_generators/babi_qa.py,120
tensor2tensor,py/tarslip,warning,tensor2tensor/data_generators/bair_robot_pushing.py,154
tensor2tensor,py/tarslip,warning,tensor2tensor/data_generators/cifar.py,60
tensor2tensor,py/tarslip,warning,tensor2tensor/data_generators/cnn_dailymail.py,86
tensor2tensor,py/tarslip,warning,tensor2tensor/data_generators/cnn_dailymail.py,91
tensor2tensor,py/tarslip,warning,tensor2tensor/data_generators/common_voice.py,133
tensor2tensor,py/tarslip,warning,tensor2tensor/data_generators/dialog_abstract.py,239
tensor2tensor,py/tarslip,warning,tensor2tensor/data_generators/dialog_personachat.py,78
tensor2tensor,py/tarslip,warning,tensor2tensor/data_generators/generator_utils.py,396
tensor2tensor,py/tarslip,warning,tensor2tensor/data_generators/imdb.py,85
tensor2tensor,py/tarslip,warning,tensor2tensor/data_generators/lambada.py,73
tensor2tensor,py/tarslip,warning,tensor2tensor/data_generators/lambada.py,76
tensor2tensor,py/tarslip,warning,tensor2tensor/data_generators/librispeech.py,135
tensor2tensor,py/tarslip,warning,tensor2tensor/data_generators/lm1b.py,103
tensor2tensor,py/tarslip,warning,tensor2tensor/data_generators/style_transfer.py,107
tensor2tensor,py/tarslip,warning,tensor2tensor/data_generators/translate.py,204
tensor2tensor,py/tarslip,warning,tensor2tensor/data_generators/translate.py,239
tensor2tensor,py/tarslip,warning,tensor2tensor/data_generators/vqa.py,52
tensor2tensor,py/tarslip,warning,tensor2tensor/data_generators/vqa.py,72
tensor2tensor,py/overly-large-range,warning,tensor2tensor/data_generators/wiki_revision_utils.py,384
tensor2tensor,py/request-without-cert-validation,warning,tensor2tensor/data_generators/wikisum/get_references_web_single_group.py,155
tensor2tensor,py/tarslip,warning,tensor2tensor/data_generators/yelp_full.py,85
tensor2tensor,py/tarslip,warning,tensor2tensor/data_generators/yelp_polarity.py,85
tensor2tensor,py/shell-command-constructed-from-input,warning,tensor2tensor/utils/video2gif.py,54
docs,py/jinja2/autoescape-false,warning,tools/tensorflow_docs/api_generator/pretty_docs/base_page.py,46
models,py/tarslip,warning,official/legacy/transformer/data_download.py,206
models,py/tarslip,warning,research/deep_speech/data/download.py,82
models,py/tarslip,warning,research/slim/datasets/dataset_utils.py,138
models,py/tarslip,warning,research/slim/datasets/download_and_convert_cifar10.py,142
java,java/toctou-race-condition,warning,tensorflow-core/tensorflow-core-api/src/main/java/org/tensorflow/NativeFunction.java,136
java,java/comparison-with-wider-type,warning,tensorflow-core/tensorflow-core-api/src/main/java/org/tensorflow/internal/buffer/ByteSequenceTensorBuffer.java,103
java,java/comparison-with-wider-type,warning,tensorflow-core/tensorflow-core-native/src/main/java/org/tensorflow/internal/c_api/AbstractTF_Tensor.java,41
java,java/comparison-with-wider-type,warning,tensorflow-core/tensorflow-core-native/src/main/java/org/tensorflow/internal/c_api/AbstractTF_Tensor.java,98
java,java/local-temp-file-or-directory-information-disclosure,warning,tensorflow-core/tensorflow-core-native/src/main/java/org/tensorflow/internal/c_api/TFJ_RuntimeLibrary.java,253
java,java/comparison-with-wider-type,warning,tensorflow-framework/src/main/java/org/tensorflow/framework/op/math/ReduceLogSumExp.java,158
java,java/comparison-with-wider-type,warning,tensorflow-ndarray/src/main/java/org/tensorflow/ndarray/impl/buffer/misc/ArrayDataBuffer.java,64
java,java/comparison-with-wider-type,warning,tensorflow-ndarray/src/main/java/org/tensorflow/ndarray/impl/buffer/misc/BitSetDataBuffer.java,78
java,java/comparison-with-wider-type,warning,tensorflow-ndarray/src/main/java/org/tensorflow/ndarray/impl/buffer/misc/BitSetDataBuffer.java,86
java,java/comparison-with-wider-type,warning,tensorflow-ndarray/src/main/java/org/tensorflow/ndarray/impl/buffer/misc/BitSetDataBuffer.java,96
java,java/comparison-with-wider-type,warning,tensorflow-ndarray/src/main/java/org/tensorflow/ndarray/impl/buffer/misc/BitSetDataBuffer.java,100
java,java/comparison-with-wider-type,warning,tensorflow-ndarray/src/main/java/org/tensorflow/ndarray/impl/buffer/misc/BitSetDataBuffer.java,137
java,java/comparison-with-wider-type,warning,tensorflow-ndarray/src/main/java/org/tensorflow/ndarray/impl/buffer/misc/BitSetDataBuffer.java,150
java,java/comparison-with-wider-type,warning,tensorflow-ndarray/src/main/java/org/tensorflow/ndarray/impl/buffer/misc/BitSetDataBuffer.java,160
java,java/comparison-with-wider-type,warning,tensorflow-ndarray/src/main/java/org/tensorflow/ndarray/impl/buffer/misc/BooleanArrayDataBuffer.java,78
java,java/comparison-with-wider-type,warning,tensorflow-ndarray/src/main/java/org/tensorflow/ndarray/impl/buffer/misc/BooleanArrayDataBuffer.java,88
java,java/comparison-with-wider-type,warning,tensorflow-ndarray/src/main/java/org/tensorflow/ndarray/impl/buffer/misc/BooleanArrayDataBuffer.java,92
java,java/comparison-with-wider-type,warning,tensorflow-ndarray/src/main/java/org/tensorflow/ndarray/impl/buffer/misc/BooleanArrayDataBuffer.java,135
java,java/comparison-with-wider-type,warning,tensorflow-ndarray/src/main/java/org/tensorflow/ndarray/impl/buffer/misc/BooleanArrayDataBuffer.java,145
java,java/comparison-with-wider-type,warning,tensorflow-ndarray/src/main/java/org/tensorflow/ndarray/impl/buffer/misc/BooleanArrayDataBuffer.java,155
java,java/comparison-with-wider-type,warning,tensorflow-ndarray/src/main/java/org/tensorflow/ndarray/impl/buffer/nio/ByteNioDataBuffer.java,164
java,java/comparison-with-wider-type,warning,tensorflow-ndarray/src/main/java/org/tensorflow/ndarray/impl/buffer/nio/DoubleNioDataBuffer.java,126
java,java/comparison-with-wider-type,warning,tensorflow-ndarray/src/main/java/org/tensorflow/ndarray/impl/buffer/nio/FloatNioDataBuffer.java,126
java,java/comparison-with-wider-type,warning,tensorflow-ndarray/src/main/java/org/tensorflow/ndarray/impl/buffer/nio/IntNioDataBuffer.java,126
java,java/comparison-with-wider-type,warning,tensorflow-ndarray/src/main/java/org/tensorflow/ndarray/impl/buffer/nio/LongNioDataBuffer.java,126
java,java/comparison-with-wider-type,warning,tensorflow-ndarray/src/main/java/org/tensorflow/ndarray/impl/buffer/nio/ShortNioDataBuffer.java,126
java,java/implicit-cast-in-compound-assignment,warning,tensorflow-ndarray/src/main/java/org/tensorflow/ndarray/impl/dimension/DimensionalSpace.java,32
java,java/comparison-with-wider-type,warning,tensorflow-ndarray/src/main/java/org/tensorflow/ndarray/impl/sparse/AbstractSparseNdArray.java,201
java,java/comparison-with-wider-type,warning,tensorflow-ndarray/src/main/java/org/tensorflow/ndarray/impl/sparse/ShortSparseNdArray.java,334
java,java/comparison-with-wider-type,warning,tensorflow-ndarray/src/test/java/org/tensorflow/ndarray/benchmark/NdArrayBenchmark.java,101
java,java/comparison-with-wider-type,warning,tensorflow-ndarray/src/test/java/org/tensorflow/ndarray/benchmark/NdArrayBenchmark.java,102
java,java/comparison-with-wider-type,warning,tensorflow-ndarray/src/test/java/org/tensorflow/ndarray/impl/sparse/BooleanSparseNdArrayTest.java,98
java,java/comparison-with-wider-type,warning,tensorflow-ndarray/src/test/java/org/tensorflow/ndarray/impl/sparse/BooleanSparseNdArrayTest.java,99
java,java/comparison-with-wider-type,warning,tensorflow-ndarray/src/test/java/org/tensorflow/ndarray/impl/sparse/BooleanSparseNdArrayTest.java,111
java,java/comparison-with-wider-type,warning,tensorflow-ndarray/src/test/java/org/tensorflow/ndarray/impl/sparse/BooleanSparseNdArrayTest.java,112
java,java/comparison-with-wider-type,warning,tensorflow-ndarray/src/test/java/org/tensorflow/ndarray/impl/sparse/BooleanSparseNdArrayTest.java,129
java,java/comparison-with-wider-type,warning,tensorflow-ndarray/src/test/java/org/tensorflow/ndarray/impl/sparse/BooleanSparseNdArrayTest.java,130
java,java/comparison-with-wider-type,warning,tensorflow-ndarray/src/test/java/org/tensorflow/ndarray/impl/sparse/BooleanSparseNdArrayTest.java,142
java,java/comparison-with-wider-type,warning,tensorflow-ndarray/src/test/java/org/tensorflow/ndarray/impl/sparse/BooleanSparseNdArrayTest.java,144
java,java/comparison-with-wider-type,warning,tensorflow-ndarray/src/test/java/org/tensorflow/ndarray/impl/sparse/BooleanSparseNdArrayTest.java,229
java,java/comparison-with-wider-type,warning,tensorflow-ndarray/src/test/java/org/tensorflow/ndarray/impl/sparse/BooleanSparseNdArrayTest.java,230
java,java/comparison-with-wider-type,warning,tensorflow-ndarray/src/test/java/org/tensorflow/ndarray/impl/sparse/BooleanSparseNdArrayTest.java,257
java,java/comparison-with-wider-type,warning,tensorflow-ndarray/src/test/java/org/tensorflow/ndarray/impl/sparse/BooleanSparseNdArrayTest.java,258
java,java/comparison-with-wider-type,warning,tensorflow-ndarray/src/test/java/org/tensorflow/ndarray/impl/sparse/ByteSparseNdArrayTest.java,95
java,java/comparison-with-wider-type,warning,tensorflow-ndarray/src/test/java/org/tensorflow/ndarray/impl/sparse/ByteSparseNdArrayTest.java,96
java,java/comparison-with-wider-type,warning,tensorflow-ndarray/src/test/java/org/tensorflow/ndarray/impl/sparse/ByteSparseNdArrayTest.java,108
java,java/comparison-with-wider-type,warning,tensorflow-ndarray/src/test/java/org/tensorflow/ndarray/impl/sparse/ByteSparseNdArrayTest.java,109
java,java/comparison-with-wider-type,warning,tensorflow-ndarray/src/test/java/org/tensorflow/ndarray/impl/sparse/ByteSparseNdArrayTest.java,121
java,java/comparison-with-wider-type,warning,tensorflow-ndarray/src/test/java/org/tensorflow/ndarray/impl/sparse/ByteSparseNdArrayTest.java,122
java,java/comparison-with-wider-type,warning,tensorflow-ndarray/src/test/java/org/tensorflow/ndarray/impl/sparse/ByteSparseNdArrayTest.java,134
java,java/comparison-with-wider-type,warning,tensorflow-ndarray/src/test/java/org/tensorflow/ndarray/impl/sparse/ByteSparseNdArrayTest.java,136
java,java/comparison-with-wider-type,warning,tensorflow-ndarray/src/test/java/org/tensorflow/ndarray/impl/sparse/ByteSparseNdArrayTest.java,220
java,java/comparison-with-wider-type,warning,tensorflow-ndarray/src/test/java/org/tensorflow/ndarray/impl/sparse/ByteSparseNdArrayTest.java,221
java,java/comparison-with-wider-type,warning,tensorflow-ndarray/src/test/java/org/tensorflow/ndarray/impl/sparse/ByteSparseNdArrayTest.java,248
java,java/comparison-with-wider-type,warning,tensorflow-ndarray/src/test/java/org/tensorflow/ndarray/impl/sparse/ByteSparseNdArrayTest.java,249
java,java/comparison-with-wider-type,warning,tensorflow-ndarray/src/test/java/org/tensorflow/ndarray/impl/sparse/DoubleSparseNdArrayTest.java,96
java,java/comparison-with-wider-type,warning,tensorflow-ndarray/src/test/java/org/tensorflow/ndarray/impl/sparse/DoubleSparseNdArrayTest.java,97
java,java/comparison-with-wider-type,warning,tensorflow-ndarray/src/test/java/org/tensorflow/ndarray/impl/sparse/DoubleSparseNdArrayTest.java,109
java,java/comparison-with-wider-type,warning,tensorflow-ndarray/src/test/java/org/tensorflow/ndarray/impl/sparse/DoubleSparseNdArrayTest.java,110
java,java/comparison-with-wider-type,warning,tensorflow-ndarray/src/test/java/org/tensorflow/ndarray/impl/sparse/DoubleSparseNdArrayTest.java,122
java,java/comparison-with-wider-type,warning,tensorflow-ndarray/src/test/java/org/tensorflow/ndarray/impl/sparse/DoubleSparseNdArrayTest.java,123
java,java/comparison-with-wider-type,warning,tensorflow-ndarray/src/test/java/org/tensorflow/ndarray/impl/sparse/DoubleSparseNdArrayTest.java,135
java,java/comparison-with-wider-type,warning,tensorflow-ndarray/src/test/java/org/tensorflow/ndarray/impl/sparse/DoubleSparseNdArrayTest.java,137
java,java/comparison-with-wider-type,warning,tensorflow-ndarray/src/test/java/org/tensorflow/ndarray/impl/sparse/DoubleSparseNdArrayTest.java,222
java,java/comparison-with-wider-type,warning,tensorflow-ndarray/src/test/java/org/tensorflow/ndarray/impl/sparse/DoubleSparseNdArrayTest.java,223
java,java/comparison-with-wider-type,warning,tensorflow-ndarray/src/test/java/org/tensorflow/ndarray/impl/sparse/DoubleSparseNdArrayTest.java,250
java,java/comparison-with-wider-type,warning,tensorflow-ndarray/src/test/java/org/tensorflow/ndarray/impl/sparse/DoubleSparseNdArrayTest.java,251
java,java/comparison-with-wider-type,warning,tensorflow-ndarray/src/test/java/org/tensorflow/ndarray/impl/sparse/FloatSparseNdArrayTest.java,96
java,java/comparison-with-wider-type,warning,tensorflow-ndarray/src/test/java/org/tensorflow/ndarray/impl/sparse/FloatSparseNdArrayTest.java,97
java,java/comparison-with-wider-type,warning,tensorflow-ndarray/src/test/java/org/tensorflow/ndarray/impl/sparse/FloatSparseNdArrayTest.java,110
java,java/comparison-with-wider-type,warning,tensorflow-ndarray/src/test/java/org/tensorflow/ndarray/impl/sparse/FloatSparseNdArrayTest.java,111
java,java/comparison-with-wider-type,warning,tensorflow-ndarray/src/test/java/org/tensorflow/ndarray/impl/sparse/FloatSparseNdArrayTest.java,123
java,java/comparison-with-wider-type,warning,tensorflow-ndarray/src/test/java/org/tensorflow/ndarray/impl/sparse/FloatSparseNdArrayTest.java,124
java,java/comparison-with-wider-type,warning,tensorflow-ndarray/src/test/java/org/tensorflow/ndarray/impl/sparse/FloatSparseNdArrayTest.java,137
java,java/comparison-with-wider-type,warning,tensorflow-ndarray/src/test/java/org/tensorflow/ndarray/impl/sparse/FloatSparseNdArrayTest.java,139
java,java/comparison-with-wider-type,warning,tensorflow-ndarray/src/test/java/org/tensorflow/ndarray/impl/sparse/FloatSparseNdArrayTest.java,227
java,java/comparison-with-wider-type,warning,tensorflow-ndarray/src/test/java/org/tensorflow/ndarray/impl/sparse/FloatSparseNdArrayTest.java,228
java,java/comparison-with-wider-type,warning,tensorflow-ndarray/src/test/java/org/tensorflow/ndarray/impl/sparse/FloatSparseNdArrayTest.java,256
java,java/comparison-with-wider-type,warning,tensorflow-ndarray/src/test/java/org/tensorflow/ndarray/impl/sparse/FloatSparseNdArrayTest.java,257
java,java/comparison-with-wider-type,warning,tensorflow-ndarray/src/test/java/org/tensorflow/ndarray/impl/sparse/IntSparseNdArrayTest.java,95
java,java/comparison-with-wider-type,warning,tensorflow-ndarray/src/test/java/org/tensorflow/ndarray/impl/sparse/IntSparseNdArrayTest.java,96
java,java/comparison-with-wider-type,warning,tensorflow-ndarray/src/test/java/org/tensorflow/ndarray/impl/sparse/IntSparseNdArrayTest.java,109
java,java/comparison-with-wider-type,warning,tensorflow-ndarray/src/test/java/org/tensorflow/ndarray/impl/sparse/IntSparseNdArrayTest.java,110
java,java/comparison-with-wider-type,warning,tensorflow-ndarray/src/test/java/org/tensorflow/ndarray/impl/sparse/IntSparseNdArrayTest.java,122
java,java/comparison-with-wider-type,warning,tensorflow-ndarray/src/test/java/org/tensorflow/ndarray/impl/sparse/IntSparseNdArrayTest.java,123
java,java/comparison-with-wider-type,warning,tensorflow-ndarray/src/test/java/org/tensorflow/ndarray/impl/sparse/IntSparseNdArrayTest.java,136
java,java/comparison-with-wider-type,warning,tensorflow-ndarray/src/test/java/org/tensorflow/ndarray/impl/sparse/IntSparseNdArrayTest.java,138
java,java/comparison-with-wider-type,warning,tensorflow-ndarray/src/test/java/org/tensorflow/ndarray/impl/sparse/IntSparseNdArrayTest.java,225
java,java/comparison-with-wider-type,warning,tensorflow-ndarray/src/test/java/org/tensorflow/ndarray/impl/sparse/IntSparseNdArrayTest.java,226
java,java/comparison-with-wider-type,warning,tensorflow-ndarray/src/test/java/org/tensorflow/ndarray/impl/sparse/IntSparseNdArrayTest.java,254
java,java/comparison-with-wider-type,warning,tensorflow-ndarray/src/test/java/org/tensorflow/ndarray/impl/sparse/IntSparseNdArrayTest.java,255
java,java/comparison-with-wider-type,warning,tensorflow-ndarray/src/test/java/org/tensorflow/ndarray/impl/sparse/LongSparseNdArrayTest.java,94
java,java/comparison-with-wider-type,warning,tensorflow-ndarray/src/test/java/org/tensorflow/ndarray/impl/sparse/LongSparseNdArrayTest.java,95
java,java/comparison-with-wider-type,warning,tensorflow-ndarray/src/test/java/org/tensorflow/ndarray/impl/sparse/LongSparseNdArrayTest.java,108
java,java/comparison-with-wider-type,warning,tensorflow-ndarray/src/test/java/org/tensorflow/ndarray/impl/sparse/LongSparseNdArrayTest.java,109
java,java/comparison-with-wider-type,warning,tensorflow-ndarray/src/test/java/org/tensorflow/ndarray/impl/sparse/LongSparseNdArrayTest.java,121
java,java/comparison-with-wider-type,warning,tensorflow-ndarray/src/test/java/org/tensorflow/ndarray/impl/sparse/LongSparseNdArrayTest.java,122
java,java/comparison-with-wider-type,warning,tensorflow-ndarray/src/test/java/org/tensorflow/ndarray/impl/sparse/LongSparseNdArrayTest.java,135
java,java/comparison-with-wider-type,warning,tensorflow-ndarray/src/test/java/org/tensorflow/ndarray/impl/sparse/LongSparseNdArrayTest.java,137
java,java/comparison-with-wider-type,warning,tensorflow-ndarray/src/test/java/org/tensorflow/ndarray/impl/sparse/LongSparseNdArrayTest.java,224
java,java/comparison-with-wider-type,warning,tensorflow-ndarray/src/test/java/org/tensorflow/ndarray/impl/sparse/LongSparseNdArrayTest.java,225
java,java/comparison-with-wider-type,warning,tensorflow-ndarray/src/test/java/org/tensorflow/ndarray/impl/sparse/LongSparseNdArrayTest.java,253
java,java/comparison-with-wider-type,warning,tensorflow-ndarray/src/test/java/org/tensorflow/ndarray/impl/sparse/LongSparseNdArrayTest.java,254
java,java/comparison-with-wider-type,warning,tensorflow-ndarray/src/test/java/org/tensorflow/ndarray/impl/sparse/ShortSparseNdArrayTest.java,97
java,java/comparison-with-wider-type,warning,tensorflow-ndarray/src/test/java/org/tensorflow/ndarray/impl/sparse/ShortSparseNdArrayTest.java,98
java,java/comparison-with-wider-type,warning,tensorflow-ndarray/src/test/java/org/tensorflow/ndarray/impl/sparse/ShortSparseNdArrayTest.java,111
java,java/comparison-with-wider-type,warning,tensorflow-ndarray/src/test/java/org/tensorflow/ndarray/impl/sparse/ShortSparseNdArrayTest.java,112
java,java/comparison-with-wider-type,warning,tensorflow-ndarray/src/test/java/org/tensorflow/ndarray/impl/sparse/ShortSparseNdArrayTest.java,124
java,java/comparison-with-wider-type,warning,tensorflow-ndarray/src/test/java/org/tensorflow/ndarray/impl/sparse/ShortSparseNdArrayTest.java,125
java,java/comparison-with-wider-type,warning,tensorflow-ndarray/src/test/java/org/tensorflow/ndarray/impl/sparse/ShortSparseNdArrayTest.java,138
java,java/comparison-with-wider-type,warning,tensorflow-ndarray/src/test/java/org/tensorflow/ndarray/impl/sparse/ShortSparseNdArrayTest.java,140
java,java/comparison-with-wider-type,warning,tensorflow-ndarray/src/test/java/org/tensorflow/ndarray/impl/sparse/ShortSparseNdArrayTest.java,228
java,java/comparison-with-wider-type,warning,tensorflow-ndarray/src/test/java/org/tensorflow/ndarray/impl/sparse/ShortSparseNdArrayTest.java,229
java,java/comparison-with-wider-type,warning,tensorflow-ndarray/src/test/java/org/tensorflow/ndarray/impl/sparse/ShortSparseNdArrayTest.java,257
java,java/comparison-with-wider-type,warning,tensorflow-ndarray/src/test/java/org/tensorflow/ndarray/impl/sparse/ShortSparseNdArrayTest.java,258
java,java/comparison-with-wider-type,warning,tensorflow-ndarray/src/test/java/org/tensorflow/ndarray/impl/sparse/StringSparseNdArrayTest.java,119
java,java/comparison-with-wider-type,warning,tensorflow-ndarray/src/test/java/org/tensorflow/ndarray/impl/sparse/StringSparseNdArrayTest.java,120
java,java/comparison-with-wider-type,warning,tensorflow-ndarray/src/test/java/org/tensorflow/ndarray/impl/sparse/StringSparseNdArrayTest.java,135
java,java/comparison-with-wider-type,warning,tensorflow-ndarray/src/test/java/org/tensorflow/ndarray/impl/sparse/StringSparseNdArrayTest.java,136
java,java/comparison-with-wider-type,warning,tensorflow-ndarray/src/test/java/org/tensorflow/ndarray/impl/sparse/StringSparseNdArrayTest.java,148
java,java/comparison-with-wider-type,warning,tensorflow-ndarray/src/test/java/org/tensorflow/ndarray/impl/sparse/StringSparseNdArrayTest.java,150
java,java/comparison-with-wider-type,warning,tensorflow-ndarray/src/test/java/org/tensorflow/ndarray/impl/sparse/StringSparseNdArrayTest.java,235
java,java/comparison-with-wider-type,warning,tensorflow-ndarray/src/test/java/org/tensorflow/ndarray/impl/sparse/StringSparseNdArrayTest.java,236
java,java/comparison-with-wider-type,warning,tensorflow-ndarray/src/test/java/org/tensorflow/ndarray/impl/sparse/StringSparseNdArrayTest.java,263
java,java/comparison-with-wider-type,warning,tensorflow-ndarray/src/test/java/org/tensorflow/ndarray/impl/sparse/StringSparseNdArrayTest.java,264
tfx,py/jinja2/autoescape-false,warning,tfx/orchestration/experimental/interactive/interactive_context.py,209
tfx,py/jinja2/autoescape-false,warning,tfx/orchestration/experimental/interactive/interactive_context_test.py,149
tfx,py/jinja2/autoescape-false,warning,tfx/orchestration/launcher/container_common.py,74
tfx,py/incomplete-url-substring-sanitization,warning,tfx/tools/cli/e2e/cli_kubeflow_e2e_test.py,45
tfx,py/overly-permissive-file,warning,tfx/utils/dependency_utils.py,112
privacy,py/tarslip,warning,research/dp_newton/src/dataset_loader.py,198
privacy,py/tarslip,warning,research/pate_2017/input.py,192
privacy,py/tarslip,warning,research/pate_2018/ICLR2018/download.py,35
