repo,vulnerabilities,findings,components,status
addons,1,0,20,scanned
community,0,0,0,scanned
docs,0,0,7,scanned
examples,128,0,159,scanned
fairness-indicators,1,0,19,scanned
gnn,0,0,5,scanned
java,2,0,33,scanned
mlir-hlo,0,0,0,scanned
model-analysis,1,0,17,scanned
models,28,0,42,scanned
neural-structured-learning,1,0,4,scanned
playground,0,0,5,scanned
privacy,0,0,4,scanned
probability,1,0,12,scanned
recommenders,0,0,9,scanned
recommenders-addons,1,0,18,scanned
rust,0,0,7,scanned
serving,0,0,2,scanned
tensor2tensor,52,0,3,scanned
tensorflow,6,0,803,scanned
tflite-micro,0,0,148,scanned
tfx,57,0,281,scanned
transform,1,0,16,scanned
