repo,status,languages,vulnerabilities,findings,components,critical,high,worst_severity,severity_weighted_average,severity_median,score,vulns_per_component,findings_per_component,fixed_version_share
neural-structured-learning,scanned,[],1,0,4,0,1,High,7.0,7.0,7.3,0.25,0.0,1.0
tensor2tensor,scanned,[],52,0,3,8,34,Critical,6.8462,7.0,7.2,17.3333,0.0,1.0
examples,scanned,[],128,0,159,5,61,Critical,5.5703,7.0,6.0,0.805,0.0,0.9844
tensorflow,scanned,[],6,0,803,0,3,High,5.5,5.5,6.0,0.0075,0.0,1.0
models,scanned,[],28,0,42,0,14,High,5.1429,5.5,5.6,0.6667,0.0,0.8929
tfx,scanned,[],57,0,281,1,17,Critical,4.7193,4.0,5.2,0.2028,0.0,0.9649
java,scanned,[],2,0,33,0,1,High,4.5,4.5,5.0,0.0606,0.0,0.0
addons,scanned,[],1,0,20,0,0,Low,2.0,2.0,2.8,0.05,0.0,1.0
fairness-indicators,scanned,[],1,0,19,0,0,Low,2.0,2.0,2.8,0.0526,0.0,1.0
model-analysis,scanned,[],1,0,17,0,0,Low,2.0,2.0,2.8,0.0588,0.0,1.0
probability,scanned,[],1,0,12,0,0,Low,2.0,2.0,2.8,0.0833,0.0,1.0
recommenders-addons,scanned,[],1,0,18,0,0,Low,2.0,2.0,2.8,0.0556,0.0,1.0
transform,scanned,[],1,0,16,0,0,Low,2.0,2.0,2.8,0.0625,0.0,1.0
community,scanned,[],0,0,0,0,0,Unknown,0.0,0.0,1.0,,,
docs,scanned,[],0,0,7,0,0,Unknown,0.0,0.0,1.0,0.0,0.0,
gnn,scanned,[],0,0,5,0,0,Unknown,0.0,0.0,1.0,0.0,0.0,
mlir-hlo,scanned,[],0,0,0,0,0,Unknown,0.0,0.0,1.0,,,
playground,scanned,[],0,0,5,0,0,Unknown,0.0,0.0,1.0,0.0,0.0,
privacy,scanned,[],0,0,4,0,0,Unknown,0.0,0.0,1.0,0.0,0.0,
recommenders,scanned,[],0,0,9,0,0,Unknown,0.0,0.0,1.0,0.0,0.0,
rust,scanned,[],0,0,7,0,0,Unknown,0.0,0.0,1.0,0.0,0.0,
serving,scanned,[],0,0,2,0,0,Unknown,0.0,0.0,1.0,0.0,0.0,
tflite-micro,scanned,[],0,0,148,0,0,Unknown,0.0,0.0,1.0,0.0,0.0,
