repo,full_name,url,commit,status,languages,sbom_status,sbom_components,vuln_status,vuln_total,findings_total
playground,tensorflow/playground,https://github.com/tensorflow/playground.git,02469bd3751764b20486015d4202b792af5362a6,db_failed,['javascript'],generated,5,no_vulnerabilities,0,0
tensorflow,tensorflow/tensorflow,https://github.com/tensorflow/tensorflow.git,f27cff93ab3ed3d24e428050acd9b7d88f980fb7,analyzed,['cpp'],generated,803,scanned,38,0
examples,tensorflow/examples,https://github.com/tensorflow/examples.git,bda6a8741864b7bc934345c47c25f8e17fd67bdc,analyzed,['python'],generated,159,scanned,128,1
tensor2tensor,tensorflow/tensor2tensor,https://github.com/tensorflow/tensor2tensor.git,bafdc1b67730430d38d6ab802cbd51f9d053ba2e,analyzed,['python'],generated,3,scanned,52,27
community,tensorflow/community,https://github.com/tensorflow/community.git,185530183d8f3734795beb520d02b8265c230a12,analyzed,['cpp'],no_components,0,no_vulnerabilities,0,0
docs,tensorflow/docs,https://github.com/tensorflow/docs.git,53f7db427b7766dfad0ef1fc1f46852dc7ab79af,analyzed,['python'],generated,7,no_vulnerabilities,0,1
models,tensorflow/models,https://github.com/tensorflow/models.git,930a6f98f7debcc32ca7afbca4a176dbf9211e03,analyzed,['python'],generated,42,scanned,28,4
rust,tensorflow/rust,https://github.com/tensorflow/rust.git,1ddf5a348037402f87d67c076bf3019857eae05f,analyzed,['rust'],generated,7,no_vulnerabilities,0,0
neural-structured-learning,tensorflow/neural-structured-learning,https://github.com/tensorflow/neural-structured-learning.git,82eb5d4f16c138bc7eb04ea648997ebd97f0d2b4,analyzed,['python'],generated,4,scanned,2,0
tflite-micro,tensorflow/tflite-micro,https://github.com/tensorflow/tflite-micro.git,3f787dcff5c4693f3436a65aff1b268538a07bdb,analyzed,['cpp'],generated,148,no_vulnerabilities,0,0
recommenders-addons,tensorflow/recommenders-addons,https://github.com/tensorflow/recommenders-addons.git,b3bc3d4691a9421dbe837ee9708c504217fdc8f9,analyzed,['python'],generated,18,scanned,1,0
addons,tensorflow/addons,https://github.com/tensorflow/addons.git,d208d752e98c310280938efa939117bf635a60a8,analyzed,['python'],generated,20,scanned,1,0
serving,tensorflow/serving,https://github.com/tensorflow/serving.git,40f3fb1b022fa54c4d0ae29544532af65cc392de,analyzed,['cpp'],generated,2,no_vulnerabilities,0,0
probability,tensorflow/probability,https://github.com/tensorflow/probability.git,d135a50f176224d654c62149be8cccc0886c0ed7,analyzed,['python'],generated,12,scanned,1,0
java,tensorflow/java,https://github.com/tensorflow/java.git,58a19434ad41d6e62c944e2f7f2a974bf170bff4,analyzed,['java'],generated,33,scanned,2,125
gnn,tensorflow/gnn,https://github.com/tensorflow/gnn.git,7fd24610dd904d8041cbc1cfb14eab21b5757f08,analyzed,['python'],generated,5,no_vulnerabilities,0,0
mlir-hlo,tensorflow/mlir-hlo,https://github.com/tensorflow/mlir-hlo.git,74b9d25f5cb824269cabfd2d4640a050c3fe6728,analyzed,['cpp'],no_components,0,no_vulnerabilities,0,0
recommenders,tensorflow/recommenders,https://github.com/tensorflow/recommenders.git,7f3e76f277494ae2dfe5d0c6f7a26aea35d6cfc1,analyzed,['python'],generated,9,no_vulnerabilities,0,0
fairness-indicators,tensorflow/fairness-indicators,https://github.com/tensorflow/fairness-indicators.git,b747546137ccd3c26b29f25f280da45a13b644a6,analyzed,['python'],generated,19,scanned,1,0
tfx,tensorflow/tfx,https://github.com/tensorflow/tfx.git,19225645c7907ef052ca8d5d893bba27fefe7a56,analyzed,['python'],generated,281,scanned,57,5
privacy,tensorflow/privacy,https://github.com/tensorflow/privacy.git,c5a3633e84f1a296c7e362e7c1926aead4063359,analyzed,['python'],generated,4,no_vulnerabilities,0,3
transform,tensorflow/transform,https://github.com/tensorflow/transform.git,deefef17a96947c9703ff82e3b58abc0052c61b3,analyzed,['python'],generated,16,scanned,1,0
model-analysis,tensorflow/model-analysis,https://github.com/tensorflow/model-analysis.git,5df83b6cbb6712e6b48a41af2a72559745d7f6c9,analyzed,['python'],generated,17,scanned,1,0
