id,severity,count,repos_affected
GHSA-8988-9cw3-xx77,High,9,1
GHSA-gh4c-6fx4-qh6g,Medium,9,1
GHSA-vxq7-64xx-v4gw,High,9,1
GHSA-vxmw-7h4f-hqxh,Low,6,6
GHSA-5wmx-573v-2qwq,Medium,4,1
GHSA-gc5v-m9x4-r6x2,Medium,4,1
GHSA-gjh7-xx4r-x345,High,4,2
GHSA-45hq-cxwh-f6vc,High,3,3
GHSA-4x4j-2g7c-83w6,Medium,3,3
GHSA-5x94-69rx-g8h2,High,3,3
GHSA-62p4-gmf7-7g93,High,3,3
GHSA-6r8x-57c9-28j4,High,3,3
GHSA-8rrh-rw8j-w5fx,High,3,1
GHSA-8v84-f9pq-wr9x,High,3,3
GHSA-9hw9-ch79-4vh6,High,3,3
GHSA-jjj6-mw9f-p565,High,3,3
GHSA-phj9-mv4w-65pm,High,3,3
GHSA-r73j-pqj5-w3x7,Medium,3,3
GHSA-wjx4-4jcj-g98j,Medium,3,3
GHSA-xj96-63gp-2gmr,High,3,3
