repo,id,severity,package,version,type,fixed_version,namespace
tensorflow,GHSA-8988-9cw3-xx77,High,urllib3,2.7.0,python,2.8.0,github:language:python
tensorflow,GHSA-8988-9cw3-xx77,High,urllib3,2.7.0,python,2.8.0,github:language:python
tensorflow,GHSA-8988-9cw3-xx77,High,urllib3,2.7.0,python,2.8.0,github:language:python
tensorflow,GHSA-8988-9cw3-xx77,High,urllib3,2.7.0,python,2.8.0,github:language:python
tensorflow,GHSA-8988-9cw3-xx77,High,urllib3,2.7.0,python,2.8.0,github:language:python
tensorflow,GHSA-8988-9cw3-xx77,High,urllib3,2.7.0,python,2.8.0,github:language:python
tensorflow,GHSA-8988-9cw3-xx77,High,urllib3,2.7.0,python,2.8.0,github:language:python
tensorflow,GHSA-8988-9cw3-xx77,High,urllib3,2.7.0,python,2.8.0,github:language:python
tensorflow,GHSA-8988-9cw3-xx77,High,urllib3,2.7.0,python,2.8.0,github:language:python
tensorflow,GHSA-vxq7-64xx-v4gw,High,urllib3,2.7.0,python,2.8.0,github:language:python
tensorflow,GHSA-vxq7-64xx-v4gw,High,urllib3,2.7.0,python,2.8.0,github:language:python
tensorflow,GHSA-vxq7-64xx-v4gw,High,urllib3,2.7.0,python,2.8.0,github:language:python
tensorflow,GHSA-vxq7-64xx-v4gw,High,urllib3,2.7.0,python,2.8.0,github:language:python
tensorflow,GHSA-vxq7-64xx-v4gw,High,urllib3,2.7.0,python,2.8.0,github:language:python
tensorflow,GHSA-vxq7-64xx-v4gw,High,urllib3,2.7.0,python,2.8.0,github:language:python
tensorflow,GHSA-vxq7-64xx-v4gw,High,urllib3,2.7.0,python,2.8.0,github:language:python
tensorflow,GHSA-vxq7-64xx-v4gw,High,urllib3,2.7.0,python,2.8.0,github:language:python
tensorflow,GHSA-vxq7-64xx-v4gw,High,urllib3,2.7.0,python,2.8.0,github:language:python
tensorflow,GHSA-8rrh-rw8j-w5fx,High,wheel,0.41.3,python,0.46.2,github:language:python
tensorflow,GHSA-8rrh-rw8j-w5fx,High,wheel,0.41.3,python,0.46.2,github:language:python
tensorflow,GHSA-8rrh-rw8j-w5fx,High,wheel,0.41.3,python,0.46.2,github:language:python
tensorflow,GHSA-5wmx-573v-2qwq,Medium,markdown,3.8,python,3.8.1,github:language:python
tensorflow,GHSA-5wmx-573v-2qwq,Medium,markdown,3.8,python,3.8.1,github:language:python
tensorflow,GHSA-5wmx-573v-2qwq,Medium,markdown,3.8,python,3.8.1,github:language:python
tensorflow,GHSA-5wmx-573v-2qwq,Medium,markdown,3.8,python,3.8.1,github:language:python
tensorflow,GHSA-gc5v-m9x4-r6x2,Medium,requests,2.32.4,python,2.33.0,github:language:python
tensorflow,GHSA-gc5v-m9x4-r6x2,Medium,requests,2.32.4,python,2.33.0,github:language:python
tensorflow,GHSA-gc5v-m9x4-r6x2,Medium,requests,2.32.4,python,2.33.0,github:language:python
tensorflow,GHSA-gc5v-m9x4-r6x2,Medium,requests,2.32.4,python,2.33.0,github:language:python
tensorflow,GHSA-gh4c-6fx4-qh6g,Medium,urllib3,2.7.0,python,2.8.0,github:language:python
tensorflow,GHSA-gh4c-6fx4-qh6g,Medium,urllib3,2.7.0,python,2.8.0,github:language:python
tensorflow,GHSA-gh4c-6fx4-qh6g,Medium,urllib3,2.7.0,python,2.8.0,github:language:python
tensorflow,GHSA-gh4c-6fx4-qh6g,Medium,urllib3,2.7.0,python,2.8.0,github:language:python
tensorflow,GHSA-gh4c-6fx4-qh6g,Medium,urllib3,2.7.0,python,2.8.0,github:language:python
tensorflow,GHSA-gh4c-6fx4-qh6g,Medium,urllib3,2.7.0,python,2.8.0,github:language:python
tensorflow,GHSA-gh4c-6fx4-qh6g,Medium,urllib3,2.7.0,python,2.8.0,github:language:python
tensorflow,GHSA-gh4c-6fx4-qh6g,Medium,urllib3,2.7.0,python,2.8.0,github:language:python
tensorflow,GHSA-gh4c-6fx4-qh6g,Medium,urllib3,2.7.0,python,2.8.0,github:language:python
examples,CVE-2021-40531,Critical,Sketch,2.0,pod,75,nvd:cpe
examples,GHSA-x4wf-678h-2pmq,Critical,keras,2.2.0,python,2.13.1rc0,github:language:python
examples,GHSA-3f63-hfp8-52jq,Critical,pillow,10.0.1,python,10.2.0,github:language:python
examples,GHSA-gw97-ff7c-9v96,Critical,tensorflow,2.7.2,python,2.11.1,github:language:python
examples,GHSA-gw97-ff7c-9v96,Critical,tensorflow,2.9.1,python,2.11.1,github:language:python
examples,GHSA-36fq-jgmw-4r9c,High,keras,2.2.0,python,3.11.0,github:language:python
examples,GHSA-4f3f-g24h-fr8m,High,keras,2.2.0,python,3.13.2,github:language:python
examples,GHSA-5gwj-m78q-7pq3,High,keras,2.2.0,python,3.12.3,github:language:python
examples,GHSA-hjqc-jx6g-rwp9,High,keras,2.2.0,python,3.12.0,github:language:python
examples,GHSA-hqp4-2352-xf5r,High,keras,2.2.0,python,3.14.0,github:language:python
examples,GHSA-v2w2-w228-c444,High,keras,2.2.0,python,3.12.3,github:language:python
examples,GHSA-44wm-f244-xhp3,High,pillow,10.0.1,python,10.3.0,github:language:python
examples,GHSA-45hq-cxwh-f6vc,High,pillow,10.0.1,python,12.3.0,github:language:python
examples,GHSA-5x94-69rx-g8h2,High,pillow,10.0.1,python,12.3.0,github:language:python
examples,GHSA-62p4-gmf7-7g93,High,pillow,10.0.1,python,12.3.0,github:language:python
examples,GHSA-6r8x-57c9-28j4,High,pillow,10.0.1,python,12.3.0,github:language:python
examples,GHSA-8v84-f9pq-wr9x,High,pillow,10.0.1,python,12.3.0,github:language:python
examples,GHSA-9hw9-ch79-4vh6,High,pillow,10.0.1,python,12.3.0,github:language:python
examples,GHSA-jjj6-mw9f-p565,High,pillow,10.0.1,python,12.3.0,github:language:python
examples,GHSA-phj9-mv4w-65pm,High,pillow,10.0.1,python,12.3.0,github:language:python
examples,GHSA-vjc4-5qp5-m44j,High,pillow,10.0.1,python,12.3.0,github:language:python
examples,GHSA-xj96-63gp-2gmr,High,pillow,10.0.1,python,12.3.0,github:language:python
examples,GHSA-49rq-hwc3-x77w,High,tensorflow,2.7.2,python,2.11.1,github:language:python
examples,GHSA-49rq-hwc3-x77w,High,tensorflow,2.9.1,python,2.11.1,github:language:python
examples,GHSA-558h-mq8x-7q9g,High,tensorflow,2.7.2,python,2.11.1,github:language:python
examples,GHSA-558h-mq8x-7q9g,High,tensorflow,2.9.1,python,2.11.1,github:language:python
examples,GHSA-5w96-866f-6rm8,High,tensorflow,2.7.2,python,2.11.1,github:language:python
examples,GHSA-5w96-866f-6rm8,High,tensorflow,2.9.1,python,2.11.1,github:language:python
examples,GHSA-647v-r7qq-24fh,High,tensorflow,2.7.2,python,2.11.1,github:language:python
examples,GHSA-647v-r7qq-24fh,High,tensorflow,2.9.1,python,2.11.1,github:language:python
examples,GHSA-64jg-wjww-7c5w,High,tensorflow,2.7.2,python,2.11.1,github:language:python
examples,GHSA-64jg-wjww-7c5w,High,tensorflow,2.9.1,python,2.11.1,github:language:python
examples,GHSA-68v3-g9cm-rmm6,High,tensorflow,2.7.2,python,2.11.1,github:language:python
examples,GHSA-68v3-g9cm-rmm6,High,tensorflow,2.9.1,python,2.11.1,github:language:python
examples,GHSA-6hg6-5c2q-7rcr,High,tensorflow,2.7.2,python,2.11.1,github:language:python
examples,GHSA-6hg6-5c2q-7rcr,High,tensorflow,2.9.1,python,2.11.1,github:language:python
examples,GHSA-6wfh-89q8-44jq,High,tensorflow,2.7.2,python,2.11.1,github:language:python
examples,GHSA-6wfh-89q8-44jq,High,tensorflow,2.9.1,python,2.11.1,github:language:python
examples,GHSA-7jvm-xxmr-v5cw,High,tensorflow,2.7.2,python,2.11.1,github:language:python
examples,GHSA-7jvm-xxmr-v5cw,High,tensorflow,2.9.1,python,2.11.1,github:language:python
examples,GHSA-7x4v-9gxg-9hwj,High,tensorflow,2.7.2,python,2.11.1,github:language:python
examples,GHSA-7x4v-9gxg-9hwj,High,tensorflow,2.9.1,python,2.11.1,github:language:python
examples,GHSA-93vr-9q9m-pj8p,High,tensorflow,2.7.2,python,2.11.1,github:language:python
examples,GHSA-93vr-9q9m-pj8p,High,tensorflow,2.9.1,python,2.11.1,github:language:python
examples,GHSA-94mm-g2mv-8p7r,High,tensorflow,2.7.2,python,2.11.1,github:language:python
examples,GHSA-94mm-g2mv-8p7r,High,tensorflow,2.9.1,python,2.11.1,github:language:python
examples,GHSA-cg88-rpvp-cjv5,High,tensorflow,2.7.2,python,2.8.4,github:language:python
examples,GHSA-cg88-rpvp-cjv5,High,tensorflow,2.9.1,python,2.9.3,github:language:python
examples,GHSA-f49c-87jh-g47q,High,tensorflow,2.7.2,python,2.11.1,github:language:python
examples,GHSA-f49c-87jh-g47q,High,tensorflow,2.9.1,python,2.11.1,github:language:python
examples,GHSA-f637-vh3r-vfh2,High,tensorflow,2.7.2,python,2.11.1,github:language:python
examples,GHSA-f637-vh3r-vfh2,High,tensorflow,2.9.1,python,2.11.1,github:language:python
examples,GHSA-gf97-q72m-7579,High,tensorflow,2.7.2,python,2.11.1,github:language:python
examples,GHSA-gf97-q72m-7579,High,tensorflow,2.9.1,python,2.11.1,github:language:python
examples,GHSA-gjh7-xx4r-x345,High,tensorflow,2.7.2,python,2.12.1,github:language:python
examples,GHSA-gjh7-xx4r-x345,High,tensorflow,2.9.1,python,2.12.1,github:language:python
examples,GHSA-h6q3-vv32-2cq5,High,tensorflow,2.7.2,python,2.8.4,github:language:python
examples,GHSA-h6q3-vv32-2cq5,High,tensorflow,2.9.1,python,2.9.3,github:language:python
examples,GHSA-j5w9-hmfh-4cr6,High,tensorflow,2.7.2,python,2.11.1,github:language:python
examples,GHSA-j5w9-hmfh-4cr6,High,tensorflow,2.9.1,python,2.11.1,github:language:python
examples,GHSA-qjqc-vqcf-5qvj,High,tensorflow,2.7.2,python,2.11.1,github:language:python
examples,GHSA-qjqc-vqcf-5qvj,High,tensorflow,2.9.1,python,2.11.1,github:language:python
examples,GHSA-rcf8-g8jv-vg6p,High,tensorflow,2.7.2,python,2.11.1,github:language:python
examples,GHSA-rcf8-g8jv-vg6p,High,tensorflow,2.9.1,python,2.11.1,github:language:python
examples,GHSA-xvwp-h6jv-7472,High,tensorflow,2.7.2,python,2.8.4,github:language:python
examples,GHSA-xvwp-h6jv-7472,High,tensorflow,2.9.1,python,2.9.3,github:language:python
examples,GHSA-w69q-w4h4-2fx8,Medium,dm-reverb,0.5.0,python,,github:language:python
examples,GHSA-26c4-7vv6-867j,Medium,keras,2.2.0,python,3.12.3,github:language:python
examples,GHSA-74m6-m3xx-3vmj,Medium,keras,2.2.0,python,3.15.0,github:language:python
examples,GHSA-cjgq-5qmw-rcj6,Medium,keras,2.2.0,python,,github:language:python
examples,GHSA-gh82-f9x8-5frx,Medium,keras,2.2.0,python,3.12.3,github:language:python
examples,GHSA-m8wh-29wm-52mv,Medium,keras,2.2.0,python,3.12.3,github:language:python
examples,GHSA-mq84-hjqx-cwf2,Medium,keras,2.2.0,python,3.12.0,github:language:python
examples,GHSA-4x4j-2g7c-83w6,Medium,pillow,10.0.1,python,12.3.0,github:language:python
examples,GHSA-fj7v-r99m-22gq,Medium,pillow,10.0.1,python,12.3.0,github:language:python
examples,GHSA-r73j-pqj5-w3x7,Medium,pillow,10.0.1,python,12.2.0,github:language:python
examples,GHSA-wjx4-4jcj-g98j,Medium,pillow,10.0.1,python,12.2.0,github:language:python
examples,GHSA-27rc-728f-x5w2,Medium,tensorflow,2.7.2,python,2.8.4,github:language:python
examples,GHSA-27rc-728f-x5w2,Medium,tensorflow,2.9.1,python,2.9.3,github:language:python
examples,GHSA-368v-7v32-52fx,Medium,tensorflow,2.7.2,python,2.8.4,github:language:python
examples,GHSA-368v-7v32-52fx,Medium,tensorflow,2.9.1,python,2.9.3,github:language:python
examples,GHSA-54pp-c6pp-7fpx,Medium,tensorflow,2.7.2,python,2.8.4,github:language:python
examples,GHSA-54pp-c6pp-7fpx,Medium,tensorflow,2.9.1,python,2.9.3,github:language:python
examples,GHSA-66vq-54fq-6jvv,Medium,tensorflow,2.7.2,python,2.8.4,github:language:python
examples,GHSA-66vq-54fq-6jvv,Medium,tensorflow,2.9.1,python,2.9.3,github:language:python
examples,GHSA-67pf-62xr-q35m,Medium,tensorflow,2.7.2,python,2.8.4,github:language:python
examples,GHSA-67pf-62xr-q35m,Medium,tensorflow,2.9.1,python,2.9.3,github:language:python
examples,GHSA-6x99-gv2v-q76v,Medium,tensorflow,2.7.2,python,2.8.4,github:language:python
examples,GHSA-6x99-gv2v-q76v,Medium,tensorflow,2.9.1,python,2.9.3,github:language:python
examples,GHSA-762h-vpvw-3rcx,Medium,tensorflow,2.7.2,python,2.7.4,github:language:python
examples,GHSA-8fvv-46hw-vpg3,Medium,tensorflow,2.7.2,python,2.9.3,github:language:python
examples,GHSA-8fvv-46hw-vpg3,Medium,tensorflow,2.9.1,python,2.9.3,github:language:python
examples,GHSA-8w5g-3wcv-9g2j,Medium,tensorflow,2.7.2,python,2.8.4,github:language:python
examples,GHSA-8w5g-3wcv-9g2j,Medium,tensorflow,2.9.1,python,2.9.3,github:language:python
examples,GHSA-f2w8-jw48-fr7j,Medium,tensorflow,2.7.2,python,2.8.4,github:language:python
examples,GHSA-f2w8-jw48-fr7j,Medium,tensorflow,2.9.1,python,2.9.3,github:language:python
examples,GHSA-fqm2-gh8w-gr68,Medium,tensorflow,2.7.2,python,2.11.1,github:language:python
examples,GHSA-fqm2-gh8w-gr68,Medium,tensorflow,2.9.1,python,2.11.1,github:language:python
examples,GHSA-frqp-wp83-qggv,Medium,tensorflow,2.7.2,python,2.8.4,github:language:python
examples,GHSA-frqp-wp83-qggv,Medium,tensorflow,2.9.1,python,2.9.3,github:language:python
examples,GHSA-fxgc-95xx-grvq,Medium,tensorflow,2.7.2,python,2.11.1,github:language:python
examples,GHSA-fxgc-95xx-grvq,Medium,tensorflow,2.9.1,python,2.11.1,github:language:python
examples,GHSA-g9fm-r5mm-rf9f,Medium,tensorflow,2.7.2,python,2.8.4,github:language:python
examples,GHSA-g9fm-r5mm-rf9f,Medium,tensorflow,2.9.1,python,2.9.3,github:language:python
examples,GHSA-gq2j-cr96-gvqx,Medium,tensorflow,2.7.2,python,2.8.4,github:language:python
examples,GHSA-gq2j-cr96-gvqx,Medium,tensorflow,2.9.1,python,2.9.3,github:language:python
examples,GHSA-h246-cgh4-7475,Medium,tensorflow,2.7.2,python,2.8.4,github:language:python
examples,GHSA-h246-cgh4-7475,Medium,tensorflow,2.9.1,python,2.9.3,github:language:python
examples,GHSA-hq7g-wwwp-q46h,Medium,tensorflow,2.7.2,python,2.8.4,github:language:python
examples,GHSA-hq7g-wwwp-q46h,Medium,tensorflow,2.9.1,python,2.9.3,github:language:python
examples,GHSA-jq6x-99hj-q636,Medium,tensorflow,2.7.2,python,2.8.4,github:language:python
examples,GHSA-jq6x-99hj-q636,Medium,tensorflow,2.9.1,python,2.9.3,github:language:python
examples,GHSA-mv77-9g28-cwg3,Medium,tensorflow,2.7.2,python,2.8.4,github:language:python
examples,GHSA-mv77-9g28-cwg3,Medium,tensorflow,2.9.1,python,2.9.3,github:language:python
examples,GHSA-pf36-r9c6-h97j,Medium,tensorflow,2.7.2,python,2.8.4,github:language:python
examples,GHSA-pf36-r9c6-h97j,Medium,tensorflow,2.9.1,python,2.9.3,github:language:python
examples,GHSA-rjx6-v474-2ch9,Medium,tensorflow,2.7.2,python,2.8.4,github:language:python
examples,GHSA-rjx6-v474-2ch9,Medium,tensorflow,2.9.1,python,2.9.3,github:language:python
examples,GHSA-rmg2-f698-wq35,Medium,tensorflow,2.7.2,python,2.8.4,github:language:python
examples,GHSA-rmg2-f698-wq35,Medium,tensorflow,2.9.1,python,2.9.3,github:language:python
examples,GHSA-xxcj-rhqg-m46g,Medium,tensorflow,2.7.2,python,2.8.4,github:language:python
examples,GHSA-xxcj-rhqg-m46g,Medium,tensorflow,2.9.1,python,2.9.3,github:language:python
examples,GHSA-58hv-7753-xmfq,Low,keras,2.2.0,python,3.12.3,github:language:python
examples,GHSA-cqvq-fvhr-v6hc,Low,tensorflow,2.7.2,python,2.8.4,github:language:python
examples,GHSA-cqvq-fvhr-v6hc,Low,tensorflow,2.9.1,python,2.9.3,github:language:python
examples,GHSA-xf83-q765-xm6m,Low,tensorflow,2.7.2,python,2.8.4,github:language:python
examples,GHSA-xf83-q765-xm6m,Low,tensorflow,2.9.1,python,2.9.3,github:language:python
examples,GHSA-g7vv-2v7x-gj9p,Low,tqdm,4.64.0,python,4.66.3,github:language:python
tensor2tensor,GHSA-3f63-hfp8-52jq,Critical,pillow,5.1.0,python,10.2.0,github:language:python
tensor2tensor,GHSA-43fq-w8qq-v88h,Critical,pillow,5.1.0,python,7.1.0,github:language:python
tensor2tensor,GHSA-57h3-9rgr-c24m,Critical,pillow,5.1.0,python,8.1.1,github:language:python
tensor2tensor,GHSA-7534-mm45-c74v,Critical,pillow,5.1.0,python,8.3.0,github:language:python
tensor2tensor,GHSA-8vj2-vxx3-667w,Critical,pillow,5.1.0,python,9.0.1,github:language:python
tensor2tensor,GHSA-p49h-hjvm-jg3h,Critical,pillow,5.1.0,python,6.2.2,github:language:python
tensor2tensor,GHSA-r7rm-8j6h-r933,Critical,pillow,5.1.0,python,6.2.2,github:language:python
tensor2tensor,GHSA-vcqg-3p29-xw73,Critical,pillow,5.1.0,python,6.2.2,github:language:python
tensor2tensor,GHSA-3wvg-mj6g-m9cv,High,pillow,5.1.0,python,8.1.2,github:language:python
tensor2tensor,GHSA-3xv8-3j54-hgrp,High,pillow,5.1.0,python,7.1.0,github:language:python
tensor2tensor,GHSA-44wm-f244-xhp3,High,pillow,5.1.0,python,10.3.0,github:language:python
tensor2tensor,GHSA-45hq-cxwh-f6vc,High,pillow,5.1.0,python,12.3.0,github:language:python
tensor2tensor,GHSA-5gm3-px64-rw72,High,pillow,5.1.0,python,6.2.2,github:language:python
tensor2tensor,GHSA-5x94-69rx-g8h2,High,pillow,5.1.0,python,12.3.0,github:language:python
tensor2tensor,GHSA-62p4-gmf7-7g93,High,pillow,5.1.0,python,12.3.0,github:language:python
tensor2tensor,GHSA-6r8x-57c9-28j4,High,pillow,5.1.0,python,12.3.0,github:language:python
tensor2tensor,GHSA-77gc-v2xv-rvvh,High,pillow,5.1.0,python,8.2.0,github:language:python
tensor2tensor,GHSA-7r7m-5h27-29hp,High,pillow,5.1.0,python,8.2.0,github:language:python
tensor2tensor,GHSA-8843-m7mw-mxqm,High,pillow,5.1.0,python,7.1.0,github:language:python
tensor2tensor,GHSA-8ghj-p4vj-mr35,High,pillow,5.1.0,python,10.0.0,github:language:python
tensor2tensor,GHSA-8v84-f9pq-wr9x,High,pillow,5.1.0,python,12.3.0,github:language:python
tensor2tensor,GHSA-8xjq-8fcg-g5hw,High,pillow,5.1.0,python,8.1.1,github:language:python
tensor2tensor,GHSA-95q3-8gr9-gm8w,High,pillow,5.1.0,python,8.1.2,github:language:python
tensor2tensor,GHSA-9hw9-ch79-4vh6,High,pillow,5.1.0,python,12.3.0,github:language:python
tensor2tensor,GHSA-9j59-75qj-795w,High,pillow,5.1.0,python,9.0.1,github:language:python
tensor2tensor,GHSA-cqhg-xjhh-p8hf,High,pillow,5.1.0,python,7.1.0,github:language:python
tensor2tensor,GHSA-f4w8-cv6p-x6r5,High,pillow,5.1.0,python,8.1.2,github:language:python
tensor2tensor,GHSA-f5g8-5qq7-938w,High,pillow,5.1.0,python,8.1.0,github:language:python
tensor2tensor,GHSA-g6rj-rv7j-xwp4,High,pillow,5.1.0,python,8.2.0,github:language:python
tensor2tensor,GHSA-hj69-c76v-86wr,High,pillow,5.1.0,python,6.2.2,github:language:python
tensor2tensor,GHSA-j7hp-h8jx-5ppr,High,pillow,5.1.0,python,10.0.1,github:language:python
tensor2tensor,GHSA-j7mj-748x-7p78,High,pillow,5.1.0,python,6.2.0,github:language:python
tensor2tensor,GHSA-jjj6-mw9f-p565,High,pillow,5.1.0,python,12.3.0,github:language:python
tensor2tensor,GHSA-m2vv-5vj5-2hm7,High,pillow,5.1.0,python,9.2.0,github:language:python
tensor2tensor,GHSA-mvg9-xffr-p774,High,pillow,5.1.0,python,8.2.0,github:language:python
tensor2tensor,GHSA-p43w-g3c5-g5mq,High,pillow,5.1.0,python,8.1.1,github:language:python
tensor2tensor,GHSA-phj9-mv4w-65pm,High,pillow,5.1.0,python,12.3.0,github:language:python
tensor2tensor,GHSA-q5hq-fp76-qmrc,High,pillow,5.1.0,python,8.2.0,github:language:python
tensor2tensor,GHSA-rwv7-3v45-hg29,High,pillow,5.1.0,python,8.2.0,github:language:python
tensor2tensor,GHSA-vj42-xq3r-hr3r,High,pillow,5.1.0,python,7.1.0,github:language:python
tensor2tensor,GHSA-vqcj-wrf2-7v73,High,pillow,5.1.0,python,8.1.0,github:language:python
tensor2tensor,GHSA-xj96-63gp-2gmr,High,pillow,5.1.0,python,12.3.0,github:language:python
tensor2tensor,GHSA-4x4j-2g7c-83w6,Medium,pillow,5.1.0,python,12.3.0,github:language:python
tensor2tensor,GHSA-9hx2-hgq2-2g4f,Medium,pillow,5.1.0,python,8.1.1,github:language:python
tensor2tensor,GHSA-hf64-x4gq-p99h,Medium,pillow,5.1.0,python,8.1.0,github:language:python
tensor2tensor,GHSA-hjfx-8p6c-g7gx,Medium,pillow,5.1.0,python,8.2.0,github:language:python
tensor2tensor,GHSA-jgpv-4h4c-xhw3,Medium,pillow,5.1.0,python,8.1.2,github:language:python
tensor2tensor,GHSA-pw3c-h7wp-cvhx,Medium,pillow,5.1.0,python,9.0.0,github:language:python
tensor2tensor,GHSA-r73j-pqj5-w3x7,Medium,pillow,5.1.0,python,12.2.0,github:language:python
tensor2tensor,GHSA-wjx4-4jcj-g98j,Medium,pillow,5.1.0,python,12.2.0,github:language:python
tensor2tensor,GHSA-xrcv-f9gm-v42c,Medium,pillow,5.1.0,python,9.0.0,github:language:python
tensor2tensor,GHSA-4fx9-vc88-q2xc,Low,pillow,5.1.0,python,9.0.0,github:language:python
models,GHSA-qr4w-53vh-m672,High,opencv-python,4.2.0.32,python,4.8.1.78,github:language:python
models,GHSA-45hq-cxwh-f6vc,High,pillow,12.0.0,python,12.3.0,github:language:python
models,GHSA-5x94-69rx-g8h2,High,pillow,12.0.0,python,12.3.0,github:language:python
models,GHSA-62p4-gmf7-7g93,High,pillow,12.0.0,python,12.3.0,github:language:python
models,GHSA-6r8x-57c9-28j4,High,pillow,12.0.0,python,12.3.0,github:language:python
models,GHSA-8v84-f9pq-wr9x,High,pillow,12.0.0,python,12.3.0,github:language:python
models,GHSA-9hw9-ch79-4vh6,High,pillow,12.0.0,python,12.3.0,github:language:python
models,GHSA-cfh3-3jmp-rvhc,High,pillow,12.0.0,python,12.1.1,github:language:python
models,GHSA-jjj6-mw9f-p565,High,pillow,12.0.0,python,12.3.0,github:language:python
models,GHSA-phj9-mv4w-65pm,High,pillow,12.0.0,python,12.3.0,github:language:python
models,GHSA-pwv6-vv43-88gr,High,pillow,12.0.0,python,12.2.0,github:language:python
models,GHSA-vjc4-5qp5-m44j,High,pillow,12.0.0,python,12.3.0,github:language:python
models,GHSA-whj4-6x5x-4v2j,High,pillow,12.0.0,python,12.2.0,github:language:python
models,GHSA-xj96-63gp-2gmr,High,pillow,12.0.0,python,12.3.0,github:language:python
models,GHSA-4x4j-2g7c-83w6,Medium,pillow,12.0.0,python,12.3.0,github:language:python
models,GHSA-5xmw-vc9v-4wf2,Medium,pillow,12.0.0,python,12.2.0,github:language:python
models,GHSA-fj7v-r99m-22gq,Medium,pillow,12.0.0,python,12.3.0,github:language:python
models,GHSA-pg7v-jwj7-p798,Medium,pillow,12.0.0,python,12.3.0,github:language:python
models,GHSA-r73j-pqj5-w3x7,Medium,pillow,12.0.0,python,12.2.0,github:language:python
models,GHSA-wjx4-4jcj-g98j,Medium,pillow,12.0.0,python,12.2.0,github:language:python
models,GHSA-887c-mr87-cxwp,Medium,torch,2.6.0+cu124,python,2.8.0,github:language:python
models,GHSA-f4hp-rmr7-r7v8,Medium,torch,2.6.0+cu124,python,,github:language:python
models,GHSA-vgrw-7cvw-pwgx,Medium,torch,2.6.0+cu124,python,2.9.1,github:language:python
models,GHSA-3749-ghw9-m3mg,Low,torch,2.6.0+cu124,python,2.7.1-rc1,github:language:python
models,GHSA-c678-jfcj-6jmf,Low,torch,2.6.0+cu124,python,,github:language:python
models,GHSA-qfhq-4f3w-5fph,Low,torch,2.6.0+cu124,python,2.10.0,github:language:python
models,GHSA-rrmf-rvhw-rf47,Low,torch,2.6.0+cu124,python,2.13.0,github:language:python
models,GHSA-x3gm-94wq-g975,Low,torch,2.6.0+cu124,python,,github:language:python
neural-structured-learning,GHSA-gjh7-xx4r-x345,High,tensorflow-gpu,2.12.0,python,2.12.1,github:language:python
neural-structured-learning,GHSA-gjh7-xx4r-x345,High,tensorflow-gpu,2.12.0,python,2.12.1,github:language:python
recommenders-addons,GHSA-vxmw-7h4f-hqxh,Low,pypa/gh-action-pypi-publish,v1.1.0,github-action,1.13.0,github:language:github-action
addons,GHSA-vxmw-7h4f-hqxh,Low,pypa/gh-action-pypi-publish,v1.1.0,github-action,1.13.0,github:language:github-action
probability,GHSA-g7vv-2v7x-gj9p,Low,tqdm,4.66,python,4.66.3,github:language:python
java,GHSA-jmp9-x22r-554x,High,spring-core,5.3.32,java-archive,,github:language:java
java,GHSA-659m-px2c-25wj,Low,spring-core,5.3.32,java-archive,,github:language:java
fairness-indicators,GHSA-vxmw-7h4f-hqxh,Low,pypa/gh-action-pypi-publish,release/v1.12,github-action,1.13.0,github:language:github-action
tfx,GHSA-82r6-8w77-94w6,Critical,anyio,4.13.0,python,4.14.2,github:language:python
tfx,GHSA-cq5v-8q36-5273,High,aiohttp,3.13.5,python,3.14.3,github:language:python
tfx,GHSA-h95x-26f3-88hr,High,js2py,0.74,python,,github:language:python
tfx,GHSA-vfmq-68hx-4jfw,High,lxml,5.3.0,python,6.1.0,github:language:python
tfx,GHSA-2h4p-vjrc-8xpq,High,mako,1.3.5,python,1.3.12,github:language:python
tfx,GHSA-v92g-xgxw-vvmm,High,mako,1.3.5,python,1.3.11,github:language:python
tfx,GHSA-4j32-57v6-6g45,High,mistune,3.0.2,python,3.3.0,github:language:python
tfx,GHSA-8mp2-v27r-99xp,High,mistune,3.0.2,python,3.2.1,github:language:python
tfx,GHSA-c8j7-8cv4-2xmq,High,mistune,3.0.2,python,3.3.0,github:language:python
tfx,GHSA-ffq3-xpv3-j92q,High,mistune,3.0.2,python,3.3.0,github:language:python
tfx,GHSA-qcq2-496w-v96p,High,mistune,3.0.2,python,3.3.0,github:language:python
tfx,GHSA-6v7p-g79w-8964,High,msgpack,1.1.0,python,1.2.1,github:language:python
tfx,GHSA-rgxp-2hwp-jwgg,High,pyarrow,18.1.0,python,23.0.1,github:language:python
tfx,GHSA-2wc2-fm75-p42x,High,soupsieve,2.6,python,2.8.4,github:language:python
tfx,GHSA-836r-79rf-4m37,High,soupsieve,2.6,python,2.8.4,github:language:python
tfx,GHSA-94p9-xgh2-xp45,High,virtualenv,20.26.6,python,21.7.12,github:language:python
tfx,GHSA-p58f-9548-mpm2,High,virtualenv,20.26.6,python,21.7.13,github:language:python
tfx,GHSA-x78j-v8h9-3j2q,High,virtualenv,20.26.6,python,21.7.12,github:language:python
tfx,GHSA-4fvr-rgm6-gqmc,Medium,aiohttp,3.13.5,python,3.14.1,github:language:python
tfx,GHSA-63hw-fmq6-xxg2,Medium,aiohttp,3.13.5,python,3.14.1,github:language:python
tfx,GHSA-g3cq-j2xw-wf74,Medium,aiohttp,3.13.5,python,3.14.1,github:language:python
tfx,GHSA-hg6j-4rv6-33pg,Medium,aiohttp,3.13.5,python,3.14.0,github:language:python
tfx,GHSA-hpj7-wq8m-9hgp,Medium,aiohttp,3.13.5,python,3.14.1,github:language:python
tfx,GHSA-jg22-mg44-37j8,Medium,aiohttp,3.13.5,python,3.14.0,github:language:python
tfx,GHSA-mfx4-hv73-q22v,Medium,aiohttp,3.13.5,python,3.14.2,github:language:python
tfx,GHSA-mq44-7p77-q5h7,Medium,aiohttp,3.13.5,python,3.14.2,github:language:python
tfx,GHSA-xcgm-r5h9-7989,Medium,aiohttp,3.13.5,python,3.14.1,github:language:python
tfx,GHSA-5p39-cfhj-2xmp,Medium,anyio,4.13.0,python,4.14.2,github:language:python
tfx,GHSA-gj48-438w-jh9v,Medium,bleach,6.1.0,python,6.4.0,github:language:python
tfx,GHSA-qmgc-5h2g-mvrw,Medium,filelock,3.16.1,python,3.20.3,github:language:python
tfx,GHSA-w853-jp5j-5j7f,Medium,filelock,3.16.1,python,3.20.1,github:language:python
tfx,GHSA-65pc-fj4g-8rjx,Medium,idna,3.7,python,3.15,github:language:python
tfx,GHSA-428g-f7cq-pgp5,Medium,marshmallow,3.22.0,python,3.26.2,github:language:python
tfx,GHSA-2hm2-hc3v-44h9,Medium,mistune,3.0.2,python,3.3.0,github:language:python
tfx,GHSA-58cw-g322-p94v,Medium,mistune,3.0.2,python,3.2.1,github:language:python
tfx,GHSA-8c25-4j27-2rv3,Medium,mistune,3.0.2,python,3.3.0,github:language:python
tfx,GHSA-8g87-j6q8-g93x,Medium,mistune,3.0.2,python,,github:language:python
tfx,GHSA-8mpj-m6qm-5qr8,Medium,mistune,3.0.2,python,3.3.0,github:language:python
tfx,GHSA-g97x-gvcm-x72h,Medium,mistune,3.0.2,python,3.3.0,github:language:python
tfx,GHSA-qfrw-5rxm-mhh2,Medium,mistune,3.0.2,python,3.3.0,github:language:python
tfx,GHSA-r4rv-85jg-w4mf,Medium,mistune,3.0.2,python,3.3.0,github:language:python
tfx,GHSA-v87v-83h2-53w7,Medium,mistune,3.0.2,python,3.2.1,github:language:python
tfx,GHSA-hj66-6f7g-4r5v,Medium,oauthlib,3.2.2,python,4.0.0,github:language:python
tfx,GHSA-xpv3-w29h-x7cv,Medium,oauthlib,3.2.2,python,4.0.0,github:language:python
tfx,GHSA-6w46-j5rx-g56g,Medium,pytest,8.0.0,python,9.0.3,github:language:python
tfx,GHSA-gjv8-xp57-g29c,Medium,soupsieve,2.6,python,2.9.0,github:language:python
tfx,GHSA-j934-xhv5-fg8f,Medium,soupsieve,2.6,python,2.9.0,github:language:python
tfx,GHSA-597g-3phw-6986,Medium,virtualenv,20.26.6,python,20.36.1,github:language:python
tfx,GHSA-9h9j-4vrj-gf7g,Medium,virtualenv,20.26.6,python,21.7.11,github:language:python
tfx,GHSA-2fqr-mr3j-6wp8,Low,aiohttp,3.13.5,python,3.14.1,github:language:python
tfx,GHSA-4m7w-qmgq-4wj5,Low,aiohttp,3.13.5,python,3.14.1,github:language:python
tfx,GHSA-9x8q-7h8h-wcw9,Low,aiohttp,3.13.5,python,3.14.1,github:language:python
tfx,GHSA-m6qw-4cw2-hm4m,Low,aiohttp,3.13.5,python,3.14.0,github:language:python
tfx,GHSA-8rfp-98v4-mmr6,Low,bleach,6.1.0,python,6.4.0,github:language:python
tfx,GHSA-68rp-wp8r-4726,Low,flask,2.2.5,python,3.1.3,github:language:python
tfx,GHSA-5239-wwwm-4pmq,Low,pygments,2.19.1,python,2.20.0,github:language:python
tfx,GHSA-vxmw-7h4f-hqxh,Low,pypa/gh-action-pypi-publish,v1,github-action,1.13.0,github:language:github-action
transform,GHSA-vxmw-7h4f-hqxh,Low,pypa/gh-action-pypi-publish,v1,github-action,1.13.0,github:language:github-action
model-analysis,GHSA-vxmw-7h4f-hqxh,Low,pypa/gh-action-pypi-publish,v1,github-action,1.13.0,github:language:github-action
